image_path,score
data/images/0001.png,0.7
data/images/0002.png,0.5
data/images/0003.png,0.5
data/images/0004.png,0.2
data/images/0005.png,0.4
data/images/0006.png,0.6
data/images/0007.png,0.3
data/images/0008.png,0.5
data/images/0009.png,0.3
data/images/0010.png,0.8
data/images/0011.png,0.6
data/images/0012.png,0.4
data/images/0013.png,0.6
data/images/0014.png,0.5
data/images/0015.png,0.3
data/images/0016.png,0.3
data/images/0017.png,0.3
data/images/0018.png,0.4
data/images/0019.png,0.5
data/images/0020.png,0.5
data/images/0021.png,0.7
data/images/0022.png,0.9
data/images/0023.png,0.8
data/images/0024.png,0.6
data/images/0025.png,0.6
data/images/0026.png,0.5
data/images/0027.png,0.7
data/images/0028.png,0.5
data/images/0029.png,0.8
data/images/0030.png,0.6
data/images/0031.png,0.4
data/images/0032.png,0.3
data/images/0033.png,0.4
data/images/0034.png,0.5
data/images/0035.png,0.5
data/images/0036.png,0.3
data/images/0037.png,0.6
data/images/0038.png,0.4
data/images/0039.png,0.6
data/images/0040.png,0.6
data/images/0041.png,0.4
data/images/0042.png,0.6
data/images/0043.png,0.6
data/images/0044.png,0.5
data/images/0045.png,0.5
data/images/0046.png,0.4
data/images/0047.png,0.5
data/images/0048.png,0.5
data/images/0049.png,0.5
data/images/0050.png,0.5
data/images/0051.png,0.4
data/images/0052.png,0.4
data/images/0053.png,0.6
data/images/0054.png,0.4
data/images/0055.png,0.8
data/images/0056.png,0.5
data/images/0057.png,0.3
data/images/0058.png,0.5
data/images/0059.png,0.6
data/images/0060.png,0.5
data/images/0061.png,0.5
data/images/0062.png,0.6
data/images/0063.png,0.5
data/images/0064.png,0.4
data/images/0065.png,0.6
data/images/0066.png,0.3
data/images/0067.png,0.3
data/images/0068.png,0.4
data/images/0069.png,0.4
data/images/0070.png,0.5
data/images/0071.png,0.4
data/images/0072.png,0.3
data/images/0073.png,0.5
data/images/0074.png,0.6
data/images/0075.png,0.7
data/images/0076.png,0.6
data/images/0077.png,0.3
data/images/0078.png,0.3
data/images/0079.png,0.5
data/images/0080.png,0.5
data/images/0081.png,0.7
data/images/0082.png,0.6
data/images/0083.png,0.3
data/images/0084.png,0.4
data/images/0085.png,0.5
data/images/0086.png,0.6
data/images/0087.png,0.5
data/images/0088.png,0.8
data/images/0089.png,0.6
data/images/0090.png,0.6
data/images/0091.png,0.7
data/images/0092.png,0.7
data/images/0093.png,0.6
data/images/0094.png,0.6
data/images/0095.png,0.4
data/images/0096.png,0.5
data/images/0097.png,0.4
data/images/0098.png,0.5
data/images/0099.png,0.6
data/images/0100.png,0.4
data/images/0101.png,0.4
data/images/0102.png,0.6
data/images/0103.png,0.7
data/images/0104.png,0.3
data/images/0105.png,0.3
data/images/0106.png,0.3
data/images/0107.png,0.7
data/images/0108.png,0.8
data/images/0109.png,0.3
data/images/0110.png,0.4
data/images/0111.png,0.6
data/images/0112.png,0.7
data/images/0113.png,0.9
data/images/0114.png,0.4
data/images/0115.png,0.5
data/images/0116.png,0.5
data/images/0117.png,0.9
data/images/0118.png,0.5
data/images/0119.png,0.4
data/images/0120.png,0.7
data/images/0121.png,0.3
data/images/0122.png,0.5
data/images/0123.png,0.5
data/images/0124.png,0.6
data/images/0125.png,0.6
data/images/0126.png,0.5
data/images/0127.png,0.3
data/images/0128.png,0.4
data/images/0129.png,0.5
data/images/0130.png,0.6
data/images/0131.png,0.6
data/images/0132.png,0.5
data/images/0133.png,0.8
data/images/0134.png,0.5
data/images/0135.png,0.5
data/images/0136.png,0.7
data/images/0137.png,0.3
data/images/0138.png,0.9
data/images/0139.png,0.3
data/images/0140.png,0.3
data/images/0141.png,0.5
data/images/0142.png,0.5
data/images/0143.png,0.4
data/images/0144.png,0.6
data/images/0145.png,0.5
data/images/0146.png,0.6
data/images/0147.png,0.6
data/images/0148.png,0.5
data/images/0149.png,0.4
data/images/0150.png,0.5
data/images/0151.png,0.6
data/images/0152.png,0.5
data/images/0153.png,0.7
data/images/0154.png,0.7
data/images/0155.png,0.7
data/images/0156.png,0.7
data/images/0157.png,0.5
data/images/0158.png,0.5
data/images/0159.png,0.7
data/images/0160.png,0.4
data/images/0161.png,0.5
data/images/0162.png,0.7
data/images/0163.png,0.6
data/images/0164.png,0.4
data/images/0165.png,0.5
data/images/0166.png,0.3
data/images/0167.png,0.4
data/images/0168.png,0.4
data/images/0169.png,0.5
data/images/0170.png,0.5
data/images/0171.png,0.3
data/images/0172.png,0.6
data/images/0173.png,0.8
data/images/0174.png,0.3
data/images/0175.png,0.4
data/images/0176.png,0.4
data/images/0177.png,0.7
data/images/0178.png,0.5
data/images/0179.png,0.7
data/images/0180.png,0.5
data/images/0181.png,0.3
data/images/0182.png,0.3
data/images/0183.png,0.5
data/images/0184.png,0.4
data/images/0185.png,0.5
data/images/0186.png,0.4
data/images/0187.png,0.3
data/images/0188.png,0.4
data/images/0189.png,0.5
data/images/0190.png,0.7
data/images/0191.png,0.7
data/images/0192.png,0.4
data/images/0193.png,0.6
data/images/0194.png,0.5
data/images/0195.png,0.3
data/images/0196.png,0.4
data/images/0197.png,0.5
data/images/0198.png,0.4
data/images/0199.png,0.5
data/images/0200.png,0.4
data/images/0201.png,0.3
data/images/0202.png,0.4
data/images/0203.png,0.4
data/images/0204.png,0.7
data/images/0205.png,0.5
data/images/0206.png,0.5
data/images/0207.png,0.3
data/images/0208.png,0.4
data/images/0209.png,0.6
data/images/0210.png,0.6
data/images/0211.png,0.4
data/images/0212.png,0.4
data/images/0213.png,0.5
data/images/0214.png,0.5
data/images/0215.png,0.6
data/images/0216.png,0.9
data/images/0217.png,0.5
data/images/0218.png,0.3
data/images/0219.png,0.4
data/images/0220.png,0.5
data/images/0221.png,0.5
data/images/0222.png,0.6
data/images/0223.png,0.9
data/images/0224.png,0.6
data/images/0225.png,0.5
data/images/0226.png,0.6
data/images/0227.png,0.5
data/images/0228.png,0.5
data/images/0229.png,0.6
data/images/0230.png,0.6
data/images/0231.png,0.5
data/images/0232.png,0.4
data/images/0233.png,0.5
data/images/0234.png,0.4
data/images/0235.png,0.5
data/images/0236.png,0.8
data/images/0237.png,0.8
data/images/0238.png,0.5
data/images/0239.png,0.4
data/images/0240.png,0.4
data/images/0241.png,0.4
data/images/0242.png,0.4
data/images/0243.png,0.5
data/images/0244.png,0.6
data/images/0245.png,0.5
data/images/0246.png,0.5
data/images/0247.png,0.5
data/images/0248.png,0.6
data/images/0249.png,0.5
data/images/0250.png,0.5
data/images/0251.png,0.6
data/images/0252.png,0.6
data/images/0253.png,0.5
data/images/0254.png,0.5
data/images/0255.png,0.6
data/images/0256.png,0.6
data/images/0257.png,0.6
data/images/0258.png,0.4
data/images/0259.png,0.4
data/images/0260.png,0.4
data/images/0261.png,0.5
data/images/0262.png,0.4
data/images/0263.png,0.4
data/images/0264.png,0.5
data/images/0265.png,0.5
data/images/0266.png,0.5
data/images/0267.png,0.5
data/images/0268.png,0.5
data/images/0269.png,0.8
data/images/0270.png,0.5
data/images/0271.png,0.5
data/images/0272.png,0.3
data/images/0273.png,0.6
data/images/0274.png,0.6
data/images/0275.png,0.5
data/images/0276.png,0.5
data/images/0277.png,0.5
data/images/0278.png,0.5
data/images/0279.png,0.5
data/images/0280.png,0.6
data/images/0281.png,0.7
data/images/0282.png,0.6
data/images/0283.png,0.5
data/images/0284.png,0.3
data/images/0285.png,0.5
data/images/0286.png,0.6
data/images/0287.png,0.6
data/images/0288.png,0.6
data/images/0289.png,0.4
data/images/0290.png,0.5
data/images/0291.png,0.5
data/images/0292.png,0.4
data/images/0293.png,0.5
data/images/0294.png,0.4
data/images/0295.png,0.5
data/images/0296.png,0.5
data/images/0297.png,0.3
data/images/0298.png,0.8
data/images/0299.png,0.6
data/images/0300.png,0.6
data/images/0301.png,0.4
data/images/0302.png,0.5
data/images/0303.png,0.3
data/images/0304.png,0.3
data/images/0305.png,0.4
data/images/0306.png,0.4
data/images/0307.png,0.4
data/images/0308.png,0.6
data/images/0309.png,0.6
data/images/0310.png,0.4
data/images/0311.png,0.5
data/images/0312.png,0.4
data/images/0313.png,0.5
data/images/0314.png,0.2
data/images/0315.png,0.3
data/images/0316.png,0.4
data/images/0317.png,0.4
data/images/0318.png,0.6
data/images/0319.png,0.5
data/images/0320.png,0.5
data/images/0321.png,0.6
data/images/0322.png,0.6
data/images/0323.png,0.5
data/images/0324.png,0.5
data/images/0325.png,0.6
data/images/0326.png,0.4
data/images/0327.png,0.4
data/images/0328.png,0.6
data/images/0329.png,0.7
data/images/0330.png,0.9
data/images/0331.png,0.9
data/images/0332.png,0.6
data/images/0333.png,0.7
data/images/0334.png,0.7
data/images/0335.png,0.4
data/images/0336.png,0.8
data/images/0337.png,0.4
data/images/0338.png,0.3
data/images/0339.png,0.3
data/images/0340.png,0.3
data/images/0341.png,0.3
data/images/0342.png,0.4
data/images/0343.png,0.7
data/images/0344.png,0.7
data/images/0345.png,1.0
data/images/0346.png,0.6
data/images/0347.png,0.8
data/images/0348.png,0.9
data/images/0349.png,0.7
data/images/0350.png,0.4
data/images/0351.png,0.5
data/images/0352.png,0.3
data/images/0353.png,0.5
data/images/0354.png,0.5
data/images/0355.png,0.5
data/images/0356.png,0.6
data/images/0357.png,0.5
data/images/0358.png,0.5
data/images/0359.png,0.4
data/images/0360.png,0.5
data/images/0361.png,0.4
data/images/0362.png,0.9
data/images/0363.png,0.4
data/images/0364.png,0.5
data/images/0365.png,0.5
data/images/0366.png,0.4
data/images/0367.png,0.3
data/images/0368.png,0.6
data/images/0369.png,0.4
data/images/0370.png,1.0
data/images/0371.png,0.4
data/images/0372.png,0.3
data/images/0373.png,0.4
data/images/0374.png,0.4
data/images/0375.png,0.3
data/images/0376.png,0.4
data/images/0377.png,0.7
data/images/0378.png,0.6
data/images/0379.png,1.0
data/images/0380.png,0.5
data/images/0381.png,0.7
data/images/0382.png,0.7
data/images/0383.png,0.4
data/images/0384.png,0.7
data/images/0385.png,0.5
data/images/0386.png,0.3
data/images/0387.png,0.3
data/images/0388.png,0.3
data/images/0389.png,0.5
data/images/0390.png,0.6
data/images/0391.png,0.4
data/images/0392.png,0.5
data/images/0393.png,0.7
data/images/0394.png,0.4
data/images/0395.png,0.5
data/images/0396.png,0.8
data/images/0397.png,0.7
data/images/0398.png,0.5
data/images/0399.png,0.5
data/images/0400.png,0.8
data/images/0401.png,0.4
data/images/0402.png,0.5
data/images/0403.png,0.3
data/images/0404.png,0.3
data/images/0405.png,0.3
data/images/0406.png,0.4
data/images/0407.png,0.4
data/images/0408.png,0.4
data/images/0409.png,0.5
data/images/0410.png,0.3
data/images/0411.png,0.4
data/images/0412.png,0.3
data/images/0413.png,0.6
data/images/0414.png,0.6
data/images/0415.png,0.6
data/images/0416.png,0.4
data/images/0417.png,0.4
data/images/0418.png,0.4
data/images/0419.png,0.7
data/images/0420.png,0.8
data/images/0421.png,0.7
data/images/0422.png,0.5
data/images/0423.png,0.5
data/images/0424.png,0.4
data/images/0425.png,0.5
data/images/0426.png,0.5
data/images/0427.png,0.3
data/images/0428.png,0.5
data/images/0429.png,0.6
data/images/0430.png,0.8
data/images/0431.png,0.9
data/images/0432.png,0.7
data/images/0433.png,0.7
data/images/0434.png,0.4
data/images/0435.png,0.4
data/images/0436.png,0.4
data/images/0437.png,0.5
data/images/0438.png,0.4
data/images/0439.png,0.8
data/images/0440.png,0.7
data/images/0441.png,0.5
data/images/0442.png,0.5
data/images/0443.png,0.4
data/images/0444.png,0.5
data/images/0445.png,0.7
data/images/0446.png,0.8
data/images/0447.png,0.8
data/images/0448.png,0.4
data/images/0449.png,0.4
data/images/0450.png,0.7
data/images/0451.png,0.4
data/images/0452.png,0.4
data/images/0453.png,0.4
data/images/0454.png,0.9
data/images/0455.png,0.6
data/images/0456.png,0.6
data/images/0457.png,0.5
data/images/0458.png,0.4
data/images/0459.png,0.5
data/images/0460.png,0.4
data/images/0461.png,0.4
data/images/0462.png,0.4
data/images/0463.png,0.4
data/images/0464.png,0.3
data/images/0465.png,0.5
data/images/0466.png,0.5
data/images/0467.png,0.4
data/images/0468.png,0.4
data/images/0469.png,0.6
data/images/0470.png,0.5
data/images/0471.png,0.4
data/images/0472.png,0.4
data/images/0473.png,0.4
data/images/0474.png,0.4
data/images/0475.png,0.3
data/images/0476.png,0.2
data/images/0477.png,0.4
data/images/0478.png,0.6
data/images/0479.png,0.4
data/images/0480.png,0.5
data/images/0481.png,0.5
data/images/0482.png,0.4
data/images/0483.png,0.5
data/images/0484.png,0.4
data/images/0485.png,0.4
data/images/0486.png,0.5
data/images/0487.png,0.4
data/images/0488.png,0.4
data/images/0489.png,0.5
data/images/0490.png,0.4
data/images/0491.png,0.5
data/images/0492.png,0.5
data/images/0493.png,0.4
data/images/0494.png,0.4
data/images/0495.png,0.4
data/images/0496.png,0.3
data/images/0497.png,0.4
data/images/0498.png,0.5
data/images/0499.png,0.3
data/images/0500.png,0.3
data/images/0501.png,0.2
data/images/0502.png,0.3
data/images/0503.png,0.4
data/images/0504.png,0.4
data/images/0505.png,0.4
data/images/0506.png,0.6
data/images/0507.png,0.4
data/images/0508.png,0.3
data/images/0509.png,0.3
data/images/0510.png,0.3
data/images/0511.png,0.3
data/images/0512.png,0.3
data/images/0513.png,0.3
data/images/0514.png,0.4
data/images/0515.png,0.3
data/images/0516.png,0.3
data/images/0517.png,0.4
data/images/0518.png,0.5
data/images/0519.png,0.3
data/images/0520.png,0.6
data/images/0521.png,0.5
data/images/0522.png,0.5
data/images/0523.png,0.5
data/images/0524.png,0.5
data/images/0525.png,0.5
data/images/0526.png,0.3
data/images/0527.png,0.5
data/images/0528.png,0.4
data/images/0529.png,0.4
data/images/0530.png,0.4
data/images/0531.png,0.5
data/images/0532.png,0.4
data/images/0533.png,0.5
data/images/0534.png,0.5
data/images/0535.png,0.4
data/images/0536.png,0.4
data/images/0537.png,0.4
data/images/0538.png,0.4
data/images/0539.png,0.6
data/images/0540.png,0.5
data/images/0541.png,0.4
data/images/0542.png,0.4
data/images/0543.png,0.5
data/images/0544.png,0.5
data/images/0545.png,0.5
data/images/0546.png,0.4
data/images/0547.png,0.4
data/images/0548.png,0.3
data/images/0549.png,0.4
data/images/0550.png,0.3
data/images/0551.png,0.4
data/images/0552.png,0.6
data/images/0553.png,0.8
data/images/0554.png,1.0
data/images/0555.png,0.5
data/images/0556.png,0.4
data/images/0557.png,0.4
data/images/0558.png,0.4
data/images/0559.png,0.4
data/images/0560.png,0.4
data/images/0561.png,0.4
data/images/0562.png,0.3
data/images/0563.png,0.7
data/images/0564.png,0.3
data/images/0565.png,0.3
data/images/0566.png,1.0
data/images/0567.png,0.4
data/images/0568.png,0.3
data/images/0569.png,0.4
data/images/0570.png,0.3
data/images/0571.png,0.4
data/images/0572.png,0.4
data/images/0573.png,0.4
data/images/0574.png,0.3
data/images/0575.png,0.5
data/images/0576.png,0.7
data/images/0577.png,0.5
data/images/0578.png,0.4
data/images/0579.png,0.3
data/images/0580.png,0.4
data/images/0581.png,0.5
data/images/0582.png,0.4
data/images/0583.png,0.4
data/images/0584.png,0.9
data/images/0585.png,0.4
data/images/0586.png,0.3
data/images/0587.png,0.4
data/images/0588.png,0.7
data/images/0589.png,0.7
data/images/0590.png,0.6
data/images/0591.png,0.5
data/images/0592.png,0.5
data/images/0593.png,0.9
data/images/0594.png,0.6
data/images/0595.png,0.6
data/images/0596.png,1.0
data/images/0597.png,0.6
data/images/0598.png,0.6
data/images/0599.png,0.7
data/images/0600.png,0.7
data/images/0601.png,0.7
data/images/0602.png,0.8
data/images/0603.png,0.5
data/images/0604.png,0.5
data/images/0605.png,0.8
data/images/0606.png,0.6
data/images/0607.png,0.4
data/images/0608.png,0.7
data/images/0609.png,0.4
data/images/0610.png,0.3
data/images/0611.png,0.3
data/images/0612.png,0.3
data/images/0613.png,0.4
data/images/0614.png,0.4
data/images/0615.png,0.7
data/images/0616.png,0.6
data/images/0617.png,0.9
data/images/0618.png,0.7
data/images/0619.png,0.4
data/images/0620.png,0.7
data/images/0621.png,0.7
data/images/0622.png,0.9
data/images/0623.png,0.6
data/images/0624.png,0.6
data/images/0625.png,0.6
data/images/0626.png,0.8
data/images/0627.png,0.7
data/images/0628.png,0.6
data/images/0629.png,0.5
data/images/0630.png,0.5
data/images/0631.png,0.5
data/images/0632.png,0.5
data/images/0633.png,0.7
data/images/0634.png,0.5
data/images/0635.png,0.5
data/images/0636.png,0.5
data/images/0637.png,0.7
data/images/0638.png,0.7
data/images/0639.png,0.5
data/images/0640.png,0.4
data/images/0641.png,0.4
data/images/0642.png,0.6
data/images/0643.png,0.7
data/images/0644.png,0.7
data/images/0645.png,0.7
data/images/0646.png,0.4
data/images/0647.png,0.5
data/images/0648.png,0.4
data/images/0649.png,0.3
data/images/0650.png,0.3
data/images/0651.png,0.6
data/images/0652.png,0.5
data/images/0653.png,0.7
data/images/0654.png,0.6
data/images/0655.png,0.5
data/images/0656.png,0.8
data/images/0657.png,0.7
data/images/0658.png,0.3
data/images/0659.png,0.3
data/images/0660.png,0.3
data/images/0661.png,0.3
data/images/0662.png,0.3
data/images/0663.png,0.3
data/images/0664.png,0.3
data/images/0665.png,0.4
data/images/0666.png,0.6
data/images/0667.png,0.7
data/images/0668.png,0.7
data/images/0669.png,0.6
data/images/0670.png,0.5
data/images/0671.png,0.7
data/images/0672.png,0.5
data/images/0673.png,0.6
data/images/0674.png,0.5
data/images/0675.png,0.6
data/images/0676.png,0.8
data/images/0677.png,0.5
data/images/0678.png,0.6
data/images/0679.png,0.6
data/images/0680.png,0.4
data/images/0681.png,0.6
data/images/0682.png,0.5
data/images/0683.png,0.5
data/images/0684.png,0.7
data/images/0685.png,0.6
data/images/0686.png,0.7
data/images/0687.png,0.3
data/images/0688.png,0.3
data/images/0689.png,0.4
data/images/0690.png,0.5
data/images/0691.png,0.6
data/images/0692.png,0.3
data/images/0693.png,0.3
data/images/0694.png,0.3
data/images/0695.png,0.4
data/images/0696.png,0.3
data/images/0697.png,0.3
data/images/0698.png,0.5
data/images/0699.png,0.7
data/images/0700.png,0.6
data/images/0701.png,0.7
data/images/0702.png,0.4
data/images/0703.png,0.7
data/images/0704.png,0.7
data/images/0705.png,0.3
data/images/0706.png,0.5
data/images/0707.png,0.6
data/images/0708.png,0.7
data/images/0709.png,0.7
data/images/0710.png,0.7
data/images/0711.png,0.7
data/images/0712.png,0.6
data/images/0713.png,0.5
data/images/0714.png,0.7
data/images/0715.png,0.7
data/images/0716.png,0.5
data/images/0717.png,0.4
data/images/0718.png,0.5
data/images/0719.png,0.3
data/images/0720.png,0.7
data/images/0721.png,0.5
data/images/0722.png,0.5
data/images/0723.png,0.5
data/images/0724.png,0.6
data/images/0725.png,0.4
data/images/0726.png,0.5
data/images/0727.png,0.6
data/images/0728.png,0.6
data/images/0729.png,0.6
data/images/0730.png,0.5
data/images/0731.png,0.5
data/images/0732.png,0.6
data/images/0733.png,0.6
data/images/0734.png,0.6
data/images/0735.png,0.5
data/images/0736.png,0.4
data/images/0737.png,0.5
data/images/0738.png,0.4
data/images/0739.png,0.4
data/images/0740.png,0.7
data/images/0741.png,0.5
data/images/0742.png,0.5
data/images/0743.png,0.5
data/images/0744.png,0.5
data/images/0745.png,0.3
data/images/0746.png,0.4
data/images/0747.png,0.7
data/images/0748.png,0.6
data/images/0749.png,0.8
data/images/0750.png,0.6
data/images/0751.png,0.7
data/images/0752.png,0.8
data/images/0753.png,0.6
data/images/0754.png,0.6
data/images/0755.png,0.6
data/images/0756.png,0.4
data/images/0757.png,0.5
data/images/0758.png,0.5
data/images/0759.png,0.5
data/images/0760.png,0.5
data/images/0761.png,0.5
data/images/0762.png,0.4
data/images/0763.png,0.5
data/images/0764.png,0.6
data/images/0765.png,0.4
data/images/0766.png,0.7
data/images/0767.png,0.5
data/images/0768.png,0.6
data/images/0769.png,0.4
data/images/0770.png,0.4
data/images/0771.png,0.5
data/images/0772.png,0.6
data/images/0773.png,0.7
data/images/0774.png,0.7
data/images/0775.png,0.7
data/images/0776.png,0.7
data/images/0777.png,0.7
data/images/0778.png,0.5
data/images/0779.png,0.7
data/images/0780.png,0.5
data/images/0781.png,0.6
data/images/0782.png,0.5
data/images/0783.png,0.5
data/images/0784.png,0.5
data/images/0785.png,0.4
data/images/0786.png,0.6
data/images/0787.png,0.5
data/images/0788.png,0.7
data/images/0789.png,0.3
data/images/0790.png,0.6
data/images/0791.png,0.3
data/images/0792.png,0.6
data/images/0793.png,0.5
data/images/0794.png,0.4
data/images/0795.png,0.7
data/images/0796.png,0.5
data/images/0797.png,0.5
data/images/0798.png,0.6
data/images/0799.png,0.3
data/images/0800.png,0.6
data/images/0801.png,0.5
data/images/0802.png,0.4
data/images/0803.png,0.5
data/images/0804.png,0.3
data/images/0805.png,0.5
data/images/0806.png,0.8
data/images/0807.png,0.5
data/images/0808.png,0.5
data/images/0809.png,0.6
data/images/0810.png,0.4
data/images/0811.png,0.3
data/images/0812.png,0.4
data/images/0813.png,0.3
data/images/0814.png,0.4
data/images/0815.png,0.8
data/images/0816.png,0.6
data/images/0817.png,0.5
data/images/0818.png,0.7
data/images/0819.png,0.5
data/images/0820.png,0.6
data/images/0821.png,0.7
data/images/0822.png,0.5
data/images/0823.png,0.3
data/images/0824.png,0.4
data/images/0825.png,0.5
data/images/0826.png,0.7
data/images/0827.png,0.4
data/images/0828.png,0.5
data/images/0829.png,0.4
data/images/0830.png,0.5
data/images/0831.png,0.3
data/images/0832.png,0.4
data/images/0833.png,0.5
data/images/0834.png,0.3
data/images/0835.png,0.5
data/images/0836.png,0.4
data/images/0837.png,0.3
data/images/0838.png,0.5
data/images/0839.png,0.3
data/images/0840.png,0.3
data/images/0841.png,0.5
data/images/0842.png,0.6
data/images/0843.png,0.5
data/images/0844.png,0.5
data/images/0845.png,0.3
data/images/0846.png,0.4
data/images/0847.png,0.2
data/images/0848.png,0.3
data/images/0849.png,0.3
data/images/0850.png,0.2
data/images/0851.png,0.2
data/images/0852.png,0.2
data/images/0853.png,0.6
data/images/0854.png,0.2
data/images/0855.png,0.3
data/images/0856.png,0.6
data/images/0857.png,0.7
data/images/0858.png,0.7
data/images/0859.png,0.8
data/images/0860.png,0.6
data/images/0861.png,0.6
data/images/0862.png,0.6
data/images/0863.png,0.7
data/images/0864.png,0.7
data/images/0865.png,0.5
data/images/0866.png,0.5
data/images/0867.png,0.5
data/images/0868.png,0.7
data/images/0869.png,0.7
data/images/0870.png,0.8
data/images/0871.png,0.7
data/images/0872.png,0.7
data/images/0873.png,0.8
data/images/0874.png,0.8
data/images/0875.png,0.5
data/images/0876.png,0.7
data/images/0877.png,0.5
data/images/0878.png,0.4
data/images/0879.png,0.3
data/images/0880.png,0.5
data/images/0881.png,0.5
data/images/0882.png,0.4
data/images/0883.png,0.4
data/images/0884.png,0.3
data/images/0885.png,0.5
data/images/0886.png,0.5
data/images/0887.png,0.6
data/images/0888.png,0.5
data/images/0889.png,0.9
data/images/0890.png,0.7
